carat,cut,color,clarity,price
0.9,Very Good,I,VS2,4295
1.2,Very Good,F,SI1,6660
0.74,Ideal,G,SI1,3119
0.33,Premium,G,IF,1029
1.0,Good,G,VS1,6853
1.61,Ideal,I,SI1,6647
0.9,Very Good,F,SI2,4162
1.01,Ideal,H,VS1,5700
1.43,Ideal,J,SI1,6888
0.42,Ideal,D,VVS2,1977
0.79,Premium,H,SI1,1606
1.01,Premium,G,VVS2,5422
0.4,Premium,F,SI2,977
0.33,Very Good,G,SI1,501
0.33,Premium,H,VS2,528
0.8,Very Good,G,VS2,2266
0.26,Ideal,F,VS1,462
0.71,Ideal,F,VS1,3004
0.41,Ideal,E,VS2,1034
0.32,Ideal,D,VS2,1040
0.3,Ideal,F,VVS1,979
0.27,Ideal,I,VS1,483
0.42,Ideal,H,IF,1248
1.03,Ideal,F,VVS2,6986
1.51,Premium,E,SI1,9001
1.27,Ideal,E,SI2,6350
0.63,Premium,E,VS1,2346
0.98,Fair,E,SI2,2734
0.53,Ideal,H,VS2,1129
0.5,Very Good,F,SI1,1352
0.29,Very Good,E,VVS1,628
0.3,Ideal,H,VVS2,902
0.31,Ideal,D,VS2,579
0.7,Ideal,F,VS1,2631
0.51,Good,G,SI1,1640
0.3,Premium,G,SI1,498
2.07,Premium,E,SI1,17602
0.55,Ideal,F,VS2,1976
0.29,Ideal,E,SI1,748
1.01,Good,D,SI1,6496
0.9,Premium,I,VS2,3580
1.03,Premium,J,SI1,3806
0.31,Premium,H,VS1,717
0.58,Ideal,G,VVS2,2201
0.9,Very Good,F,SI1,2797
0.51,Premium,D,VS2,2408
0.55,Ideal,F,SI1,1365
0.41,Very Good,F,SI1,805
0.7,Very Good,F,VVS2,3544
0.39,Premium,G,VS2,798
0.44,Good,J,VS1,720
1.5,Premium,F,VS1,17440
0.3,Very Good,H,VVS2,544
1.14,Ideal,G,VS1,6845
1.02,Good,G,VS1,3444
0.32,Ideal,I,IF,691
0.25,Very Good,E,VVS1,639
0.9,Very Good,G,VS2,4037
0.32,Ideal,E,SI1,600
0.71,Ideal,I,VS2,2854
1.18,Very Good,H,SI1,5788
0.27,Ideal,F,VS1,557
1.21,Ideal,G,VS2,6223
0.35,Premium,D,SI2,741
1.53,Premium,I,SI1,8681
0.65,Good,G,VS1,2171
0.3,Premium,D,SI2,513
0.61,Premium,G,SI1,1355
1.04,Ideal,H,VS1,7634
1.26,Premium,E,VVS1,10365
0.58,Ideal,H,VS2,1641
0.3,Ideal,F,VVS1,1086
0.9,Very Good,D,SI2,3607
0.77,Very Good,F,VVS1,4427
1.5,Very Good,G,SI2,6628
0.5,Ideal,E,VS2,1279
1.0,Good,F,VS2,6563
1.01,Premium,E,SI1,6030
0.39,Ideal,G,VVS1,1004
0.31,Premium,I,VS1,634
0.31,Ideal,G,VVS2,1008
1.13,Ideal,D,VVS2,12559
0.41,Ideal,F,VS2,645
1.04,Premium,F,VS2,7345
0.3,Ideal,F,VVS1,1171
0.9,Ideal,J,VS2,2746
0.52,Good,G,SI1,970
0.34,Ideal,E,VVS1,1233
1.51,Very Good,G,VS2,12527
0.31,Very Good,D,SI2,630
1.3,Premium,J,VVS2,4605
0.5,Very Good,D,VS2,1796
0.41,Premium,E,SI1,942
0.51,Ideal,G,SI1,1369
0.52,Ideal,E,VVS2,1649
0.83,Ideal,J,VS2,2882
0.71,Premium,I,VS1,2172
1.02,Ideal,F,VVS2,8499
1.31,Ideal,I,SI2,5391
0.3,Very Good,H,SI1,487
0.38,Premium,H,VS2,707
0.57,Ideal,F,VS2,1974
1.91,Premium,I,SI1,10056
0.52,Ideal,J,SI1,854
0.26,Premium,E,VVS1,522
0.4,Ideal,D,VVS2,994
0.9,Very Good,F,SI1,4028
1.52,Very Good,G,VS2,10846
0.7,Good,I,VS2,2899
0.57,Premium,D,VS2,2015
1.01,Good,E,I1,3968
0.3,Ideal,E,VVS2,825
0.36,Ideal,G,VS1,671
0.58,Ideal,I,VS2,1471
1.02,Ideal,G,SI1,4122
0.26,Very Good,H,VS1,418
0.5,Very Good,D,SI1,1295
0.93,Ideal,G,IF,5675
0.3,Premium,E,VS2,808
0.52,Ideal,E,VS2,1581
0.4,Premium,E,VS1,1088
0.73,Ideal,D,VS2,2838
1.07,Premium,F,SI1,5143
0.39,Ideal,G,SI1,774
1.5,Premium,E,SI2,6839
0.26,Very Good,G,VVS1,708
0.3,Ideal,G,VS1,977
1.51,Premium,H,VS2,12828
0.36,Premium,D,VS2,960
0.41,Ideal,E,VVS1,1318
1.23,Very Good,I,SI1,3943
0.9,Very Good,F,VVS2,5504
0.73,Ideal,D,SI2,2172
1.01,Premium,D,SI2,4434
0.32,Ideal,F,VVS1,1108
1.1,Very Good,F,VS2,8170
1.02,Good,I,SI2,3714
0.41,Ideal,F,VS1,870
0.74,Ideal,E,SI2,2218
0.82,Premium,H,SI1,2450
0.31,Good,H,SI1,541
2.18,Ideal,I,SI2,11361
1.58,Ideal,F,SI1,10253
0.51,Ideal,D,VS2,2007
0.23,Good,E,VVS1,468
1.19,Good,G,VVS2,7559
0.53,Ideal,E,SI1,2085
0.6,Ideal,D,SI1,1912
1.37,Very Good,G,VS1,9209
1.37,Very Good,I,SI2,5231
0.38,Ideal,F,VS1,981
0.77,Ideal,I,VS1,2539
1.09,Ideal,D,SI2,3724
0.52,Fair,I,VVS2,1398
0.7,Premium,I,VS1,2493
1.0,Fair,F,SI1,5170
0.51,Ideal,F,VVS2,1979
0.32,Ideal,J,VVS1,462
0.42,Very Good,H,SI1,776
0.33,Premium,H,VS1,709
0.33,Ideal,G,VVS2,575
0.41,Ideal,H,SI1,1035
1.15,Very Good,H,SI2,4793
0.39,Very Good,F,VS2,1037
1.11,Premium,F,VS2,5670
0.36,Ideal,E,VS2,907
0.21,Premium,E,VS2,394
0.34,Premium,I,SI1,486
0.52,Very Good,E,SI2,1464
0.5,Good,D,SI1,1726
0.92,Premium,E,SI1,3627
0.38,Ideal,H,VVS2,659
1.0,Very Good,E,SI1,5689
1.33,Premium,E,SI2,6816
1.67,Very Good,I,VS2,8947
0.7,Very Good,G,VS1,2497
0.73,Premium,I,VVS2,1881
0.4,Very Good,G,SI1,789
0.77,Very Good,I,VS2,2372
0.32,Very Good,D,SI1,551
0.52,Premium,E,SI1,1884
1.01,Ideal,I,VS1,4735
0.31,Ideal,F,VVS1,721
0.43,Good,J,SI2,715
0.7,Very Good,G,SI1,2439
0.71,Ideal,D,SI2,2499
0.33,Ideal,G,IF,1156
1.01,Ideal,E,SI1,7673
0.5,Good,D,VS1,1337
0.33,Premium,D,VS2,1273
0.74,Ideal,G,VVS2,5071
1.02,Very Good,F,SI2,4898
0.3,Good,H,SI1,412
0.73,Ideal,I,VS1,3290
0.75,Ideal,J,VS2,1993
0.33,Ideal,I,VS2,671
0.52,Ideal,I,SI1,1060
0.57,Ideal,E,SI1,1708
0.31,Ideal,D,VS1,634
1.7,Good,H,VVS2,11575
1.14,Premium,I,SI1,6159
0.54,Premium,E,VS2,1863
1.96,Fair,I,I1,5730
0.41,Good,F,SI1,738
2.26,Good,I,SI2,16419
0.43,Premium,F,SI1,898
0.43,Ideal,H,VVS1,1111
0.51,Ideal,D,VS1,1895
0.43,Premium,G,VS2,747
1.02,Ideal,G,SI1,5101
0.32,Premium,H,VVS2,822
0.77,Very Good,G,VS2,2234
0.52,Ideal,D,VS2,2092
0.31,Premium,D,VS2,596
0.38,Premium,F,VS2,889
0.3,Ideal,E,VVS1,617
0.33,Ideal,E,VVS1,826
0.42,Premium,G,VS2,920
1.2,Very Good,I,VVS2,8019
0.95,Ideal,H,SI1,5343
0.32,Ideal,E,VVS1,1225
0.62,Ideal,I,SI2,1248
1.02,Very Good,G,SI1,4328
1.12,Ideal,H,SI2,2948
0.52,Ideal,D,VVS1,3023
0.3,Good,D,SI1,628
0.91,Ideal,F,SI2,3562
1.51,Premium,E,SI1,9733
0.33,Very Good,I,SI1,419
0.74,Very Good,E,SI1,3354
1.2,Very Good,J,SI1,4758
0.31,Ideal,D,SI1,796
0.42,Ideal,F,VS1,1206
0.34,Ideal,E,VS1,924
0.32,Very Good,E,VS2,425
0.53,Ideal,G,VVS2,1826
0.57,Ideal,E,VS2,1796
1.03,Ideal,H,SI1,5734
0.24,Very Good,E,VVS1,602
1.47,Very Good,J,VS2,5612
1.71,Premium,I,SI2,7361
1.75,Very Good,G,VS1,17964
0.75,Ideal,F,SI1,4047
0.57,Ideal,F,VVS2,2593
0.33,Ideal,G,VS2,620
0.9,Good,E,SI1,3987
1.06,Ideal,G,VVS2,8328
1.0,Good,H,I1,2682
0.31,Ideal,F,IF,642
0.54,Ideal,D,VS2,1671
0.54,Ideal,I,IF,1881
0.33,Ideal,G,SI2,621
1.73,Ideal,E,SI1,17580
0.54,Good,H,VS1,1322
1.01,Good,F,VS2,6573
0.24,Good,F,VVS2,506
0.42,Very Good,F,SI1,691
1.54,Ideal,G,VS2,15630
0.54,Premium,E,SI1,1365
1.0,Premium,F,VS2,7073
0.33,Very Good,I,VS2,522
1.4,Premium,I,VS1,9286
1.5,Very Good,D,SI1,11968
0.7,Premium,F,VVS2,3727
1.01,Very Good,E,SI1,3941
0.33,Premium,G,VVS1,932
1.2,Premium,J,VS2,4525
0.38,Ideal,G,VS1,927
0.38,Ideal,G,VS2,850
0.31,Ideal,H,VVS2,789
1.5,Good,H,SI1,6285
0.34,Premium,D,VS2,705
0.32,Ideal,G,VVS2,899
0.57,Premium,F,VS2,1604
0.31,Ideal,I,VVS1,567
0.4,Good,J,VS1,588
1.26,Ideal,J,SI2,5227
0.52,Very Good,E,SI1,1375
0.34,Premium,F,VS2,709
1.02,Premium,D,SI2,4907
0.54,Premium,H,VS2,1272
1.51,Very Good,H,SI2,7928
0.91,Ideal,G,SI1,4360
1.02,Premium,J,SI2,2982
0.91,Very Good,G,VS1,5264
0.4,Ideal,D,VS1,1185
1.0,Premium,F,SI2,4167
1.01,Ideal,I,SI2,4124
0.31,Ideal,E,VVS1,949
0.7,Very Good,F,SI1,2049
0.9,Very Good,E,VS2,2844
0.41,Very Good,I,VVS2,743
0.52,Ideal,F,VS2,1808
0.32,Ideal,E,VVS2,732
0.31,Good,E,SI1,629
0.32,Premium,G,VVS2,555
0.41,Premium,D,SI2,658
1.32,Ideal,I,VVS1,9247
2.01,Good,I,SI2,13683
0.52,Ideal,H,VVS1,1591
1.0,Ideal,E,SI1,5535
0.9,Very Good,I,VS2,3687
0.71,Very Good,I,SI1,1687
0.82,Premium,E,SI1,2723
0.3,Ideal,F,VS2,610
0.56,Premium,E,VS1,1471
0.7,Ideal,D,VS1,2500
0.9,Premium,E,SI1,2910
0.7,Good,G,VS2,2843
0.72,Ideal,G,SI2,2032
0.9,Very Good,E,I1,1694
0.3,Premium,I,VVS2,636
0.58,Ideal,E,VS2,1683
0.4,Very Good,D,VS2,678
1.0,Ideal,F,SI2,2724
0.54,Ideal,F,SI2,1050
0.7,Good,G,VS2,3088
0.56,Very Good,G,VS2,1128
0.31,Ideal,H,VS1,700
1.6,Ideal,H,VS2,9017
0.31,Ideal,H,VS2,362
0.38,Ideal,F,VVS2,911
0.53,Premium,H,SI2,1391
1.17,Ideal,D,SI2,5047
0.51,Ideal,E,VS2,1707
0.75,Ideal,E,SI2,3480
0.78,Fair,E,SI2,2990
0.32,Very Good,G,SI1,543
0.38,Premium,D,VS1,1058
0.32,Premium,D,VS2,800
1.03,Ideal,E,VS1,7725
1.0,Good,D,VS2,5373
0.52,Ideal,E,VVS2,2581
0.55,Ideal,F,SI1,1567
0.33,Ideal,E,VVS1,1059
0.75,Good,D,SI2,2014
1.55,Premium,J,VS1,9113
0.39,Very Good,G,VS1,711
0.35,Premium,G,VVS2,908
0.36,Very Good,H,VS2,642
0.7,Very Good,H,VS1,3513
1.03,Ideal,D,VS1,8024
0.4,Ideal,F,VVS1,1002
1.23,Ideal,D,VVS2,11767
0.51,Premium,F,SI2,1123
1.18,Ideal,E,VS1,12908
0.33,Premium,H,VS2,369
0.32,Premium,G,VS2,597
0.58,Very Good,E,VVS1,2483
1.02,Very Good,E,VS2,6758
0.32,Ideal,F,IF,978
0.34,Ideal,I,VS2,510
1.02,Ideal,G,VS1,8285
1.5,Good,H,VS2,12656
1.07,Premium,D,SI1,6842
0.74,Premium,E,VS2,2218
0.51,Ideal,D,VS2,1996
1.13,Ideal,I,SI2,4781
0.91,Very Good,D,SI1,4541
0.7,Premium,H,SI2,1904
0.9,Good,F,SI1,4883
1.7,Ideal,H,SI2,7337
0.31,Premium,D,VS2,713
0.71,Premium,F,SI2,2162
0.71,Ideal,E,SI2,2251
0.54,Ideal,F,VS2,1950
1.18,Ideal,D,I1,2670
0.91,Good,E,SI1,4553
1.2,Very Good,I,SI1,6686
1.0,Premium,F,SI2,2986
0.37,Ideal,F,SI1,666
2.11,Very Good,E,SI2,19557
0.3,Premium,E,SI2,645
0.57,Ideal,I,VS1,1471
0.53,Very Good,G,VS1,2224
0.31,Very Good,E,IF,961
0.41,Very Good,E,SI1,1139
1.3,Ideal,I,SI1,6120
1.06,Ideal,F,SI1,5415
0.53,Very Good,D,VVS2,1954
2.01,Ideal,H,SI2,12833
0.52,Ideal,G,VVS2,2236
1.76,Ideal,F,SI2,7668
0.41,Premium,F,SI2,922
0.55,Premium,G,VS2,1353
0.7,Ideal,F,SI2,2166
1.02,Ideal,G,VS2,6503
0.39,Very Good,E,VS2,916
1.21,Very Good,F,VS2,8715
0.4,Ideal,G,IF,984
1.74,Ideal,G,VS2,14291
0.52,Good,F,VS2,1728
1.51,Ideal,G,VS2,12425
1.0,Very Good,E,SI2,4390
0.42,Ideal,D,VS1,1437
1.15,Ideal,G,VS2,9567
0.4,Very Good,E,SI1,974
0.41,Ideal,G,SI1,812
0.44,Ideal,D,VS1,1200
0.44,Ideal,F,SI1,825
0.78,Ideal,F,SI1,2353
0.34,Ideal,H,VS2,457
0.54,Ideal,G,IF,2502
0.36,Ideal,D,VS1,1121
1.5,Ideal,F,VVS2,15332
0.9,Fair,E,SI2,3236
1.43,Ideal,G,SI1,10178
0.36,Ideal,D,SI1,573
0.7,Very Good,H,SI1,2179
0.92,Premium,D,SI1,5487
0.3,Premium,G,VVS1,886
0.98,Very Good,E,SI2,4393
0.57,Very Good,F,VS1,1847
1.28,Premium,H,SI1,4898
0.32,Ideal,H,VS2,525
0.55,Very Good,G,VS2,1671
1.21,Ideal,J,VS2,5340
0.5,Good,G,VS1,1429
0.43,Premium,I,SI2,747
0.35,Ideal,H,VVS2,711
0.36,Ideal,D,VS2,1039
0.72,Ideal,G,SI2,2411
0.32,Ideal,I,VVS2,591
0.95,Good,E,VS2,5921
0.33,Ideal,F,VVS1,502
0.31,Good,F,SI1,559
1.17,Ideal,I,VS1,5158
1.12,Ideal,F,VVS2,12079
0.71,Very Good,E,VS2,3246
0.38,Very Good,G,VVS2,1018
0.71,Good,F,SI2,1828
0.39,Very Good,F,VS1,1084
0.31,Ideal,F,IF,844
0.54,Very Good,F,VS1,1665
0.4,Premium,G,SI1,910
0.35,Ideal,G,VS2,580
0.7,Good,F,SI2,2164
1.19,Premium,H,SI1,5744
0.5,Very Good,F,VS2,1527
0.43,Premium,D,VS2,1126
0.74,Ideal,G,VVS2,3166
1.02,Premium,F,VVS2,7596
0.56,Premium,G,VS1,1746
0.78,Very Good,H,VS1,3198
0.31,Ideal,E,VS2,757
0.3,Ideal,G,VVS2,689
0.73,Ideal,E,VS1,2776
0.39,Ideal,E,IF,1413
2.01,Fair,H,SI2,7720
1.01,Premium,G,VS2,4758
1.91,Fair,H,SI2,7732
0.9,Good,E,SI1,3916
1.7,Premium,F,SI2,10068
0.3,Very Good,D,SI1,558
0.96,Ideal,F,I1,2897
1.21,Premium,I,VS1,4728
1.29,Ideal,G,SI2,5252
0.3,Ideal,I,SI1,320
1.53,Premium,H,SI1,11662
0.41,Ideal,J,VS1,722
1.34,Very Good,G,SI2,6844
0.5,Premium,E,SI1,1294
0.7,Very Good,F,SI1,2776
0.52,Premium,G,SI2,1184
1.51,Premium,G,VS2,7861
1.51,Premium,I,SI2,7043
0.31,Ideal,E,VS2,812
0.3,Ideal,G,VVS2,701
0.58,Ideal,F,VS1,2166
0.92,Premium,H,SI1,2502
0.56,Very Good,F,VVS2,1326
0.38,Ideal,D,VS1,942
1.11,Good,H,SI2,3915
1.01,Very Good,E,SI1,4923
0.5,Very Good,E,VS2,1507
0.92,Good,G,VS2,4432
0.53,Premium,H,VS1,2109
0.51,Ideal,D,VS2,1739
0.41,Very Good,E,VS1,1176
0.35,Ideal,D,SI1,627
0.5,Premium,F,VVS2,1700
0.3,Ideal,E,SI1,604
0.32,Premium,D,SI1,680
0.9,Good,G,SI2,3298
1.5,Very Good,H,SI2,6507
1.0,Ideal,E,SI2,4679
0.71,Ideal,F,VS1,2453
0.25,Very Good,F,VS1,522
0.53,Very Good,F,SI1,1336
0.69,Very Good,G,VVS1,3916
0.35,Good,F,SI1,780
0.31,Premium,G,VS1,833
0.9,Ideal,J,VS2,3480
0.92,Ideal,J,VS1,2674
0.33,Premium,D,SI1,589
0.54,Ideal,G,SI2,1063
0.63,Ideal,J,SI2,1169
0.23,Very Good,D,VVS1,509
0.31,Ideal,G,VVS1,1113
1.1,Premium,G,VS2,6406
0.32,Ideal,H,VS1,661
1.5,Very Good,E,SI2,7945
0.39,Very Good,E,VS2,1203
0.51,Ideal,G,VS1,1743
2.01,Good,I,VS2,17231
0.7,Premium,F,VS2,2408
1.2,Ideal,H,SI1,5189
0.32,Ideal,H,VVS2,663
0.23,Very Good,E,VVS2,509
0.71,Very Good,G,VS2,2770
0.23,Very Good,E,VVS2,467
1.01,Fair,F,SI1,3324
1.33,Ideal,I,VVS2,8518
1.0,Good,D,VS2,6508
1.25,Ideal,E,SI2,6962
2.01,Fair,H,SI2,10736
0.7,Very Good,F,VS2,3027
1.05,Ideal,G,VS2,6147
0.27,Very Good,J,VVS2,575
1.5,Ideal,H,SI2,7148
0.51,Very Good,E,VVS2,1840
1.02,Premium,F,SI2,4835
1.51,Good,I,VS2,8138
0.9,Premium,D,SI2,2370
0.54,Ideal,E,VS2,2095
0.43,Ideal,G,SI1,693
0.32,Ideal,E,VVS1,1044
1.05,Ideal,I,SI1,2784
0.56,Ideal,H,VS1,1740
0.84,Ideal,I,VS1,3197
0.44,Very Good,D,VS2,812
1.5,Very Good,D,SI2,7325
1.01,Good,E,VS2,6882
0.62,Very Good,G,VS2,1556
1.0,Premium,F,VVS1,10593
1.08,Premium,D,SI1,4266
1.05,Fair,H,SI2,3083
0.7,Very Good,G,VS1,2482
1.04,Ideal,F,VS2,7590
0.78,Ideal,E,SI1,2096
1.0,Very Good,D,SI1,5683
0.31,Premium,H,VVS2,685
2.01,Very Good,G,SI1,20015
2.0,Very Good,E,SI2,19209
0.38,Ideal,E,VS2,659
0.33,Ideal,F,VVS2,860
0.63,Ideal,D,VS2,1868
0.73,Ideal,F,SI2,2487
0.5,Very Good,E,SI1,1624
1.0,Premium,G,SI1,5034
1.08,Very Good,H,VS2,5592
0.31,Ideal,I,VVS1,580
0.71,Ideal,F,SI1,3615
0.31,Very Good,G,VVS2,803
1.01,Very Good,E,SI1,5555
1.22,Premium,J,SI1,5980
1.14,Ideal,H,SI1,6193
0.91,Very Good,J,VS1,3478
0.7,Ideal,E,VS2,3496
0.41,Ideal,E,VS1,1079
0.72,Ideal,E,SI1,3399
1.0,Premium,E,VS2,5424
0.41,Premium,E,VS1,1024
1.01,Ideal,H,SI1,4852
0.4,Premium,G,VVS2,1043
1.04,Ideal,G,SI2,3977
0.52,Very Good,G,SI1,1705
0.34,Premium,G,IF,1262
1.02,Ideal,I,SI2,3763
1.51,Very Good,I,VVS2,9514
1.27,Ideal,F,VS2,8527
0.7,Premium,G,SI2,1977
0.63,Ideal,D,VS2,2202
0.3,Premium,E,SI1,548
0.39,Premium,D,VS2,1176
0.36,Ideal,D,SI2,563
0.32,Ideal,G,SI1,455
1.51,Very Good,I,SI1,9017
2.01,Premium,G,SI1,9696
0.9,Ideal,H,VS1,3842
0.55,Ideal,D,VS2,2120
0.71,Very Good,E,VS2,3362
0.44,Very Good,E,SI2,1134
0.79,Ideal,E,SI1,2872
0.62,Premium,H,VVS1,2542
0.53,Ideal,D,VS2,2343
0.76,Ideal,G,VS1,3485
0.91,Good,F,VVS2,4632
0.3,Premium,D,SI2,582
1.01,Premium,E,VS2,4643
1.22,Ideal,H,VVS2,6530
0.36,Premium,F,VS2,524
0.35,Good,F,VS2,720
2.2,Ideal,H,VS2,19018
0.5,Premium,F,VS2,1473
1.51,Ideal,I,VS2,9192
1.63,Ideal,E,SI2,11305
1.03,Premium,G,VS2,4780
0.4,Ideal,J,VS2,605
0.74,Fair,H,SI2,2489
0.52,Ideal,G,VS1,2314
1.11,Premium,I,SI1,3904
2.03,Ideal,G,SI2,15735
2.33,Premium,J,SI1,15085
0.73,Very Good,G,SI1,2240
1.52,Premium,F,VS2,13771
1.0,Very Good,D,VS2,4037
0.62,Ideal,I,VVS1,1962
0.56,Ideal,G,VS1,1851
2.04,Premium,J,VS2,11802
1.0,Ideal,E,SI1,5834
0.46,Fair,F,VS2,1018
0.7,Ideal,E,SI1,2955
0.53,Premium,D,SI1,2274
0.7,Very Good,E,VS2,2732
0.32,Ideal,I,IF,639
0.41,Ideal,D,SI1,690
1.02,Ideal,I,SI2,3595
0.54,Ideal,G,VS2,1494
1.24,Very Good,H,VVS2,7963
1.52,Fair,H,SI2,7791
0.38,Ideal,F,VS2,947
0.24,Ideal,J,VVS2,420
0.34,Premium,I,VS1,629
0.31,Premium,F,VS2,622
0.31,Ideal,G,VVS1,618
1.21,Premium,F,VS1,12684
0.37,Premium,G,VS1,887
0.71,Premium,I,VS1,2417
0.3,Ideal,H,VS1,746
0.31,Ideal,H,IF,1047
0.24,Premium,H,VVS1,489
1.5,Premium,D,VS2,11653
1.03,Ideal,G,SI2,4405
0.9,Fair,H,SI1,1661
0.32,Ideal,E,IF,999
0.31,Ideal,F,VVS1,847
0.41,Premium,F,VS1,1070
0.6,Ideal,D,SI1,1985
0.31,Ideal,H,IF,836
0.39,Ideal,F,VS1,949
1.6,Ideal,E,SI1,11122
0.9,Very Good,E,VS2,4577
0.31,Premium,G,VVS2,698
0.33,Ideal,F,VVS1,778
1.0,Good,E,SI2,5467
0.91,Premium,D,SI2,5316
1.03,Very Good,J,SI2,4348
0.7,Premium,D,VS1,3158
0.56,Ideal,D,VS1,2080
0.3,Very Good,E,VS2,567
0.25,Very Good,D,VVS2,618
1.01,Ideal,F,SI2,3426
0.7,Ideal,D,SI1,2435
0.71,Ideal,E,VS2,3351
0.35,Premium,D,SI1,747
1.72,Very Good,E,SI2,8939
1.59,Very Good,D,VS2,14022
1.73,Premium,G,VS1,15123
1.09,Ideal,F,VVS2,7635
0.41,Ideal,J,VVS1,1072
0.9,Very Good,I,VS2,4119
1.01,Ideal,G,SI1,4709
0.34,Very Good,H,VS2,762
0.31,Premium,I,SI1,563
2.08,Premium,I,SI2,16184
0.78,Ideal,G,VS2,3374
0.34,Ideal,G,VS1,622
0.33,Ideal,D,VS2,529
1.51,Good,H,SI2,8645
0.31,Premium,H,VVS2,650
1.21,Ideal,D,VS1,11433
0.91,Very Good,I,SI1,3120
0.42,Ideal,G,IF,1332
0.81,Very Good,G,SI1,2754
0.4,Good,G,VS2,813
0.3,Ideal,G,IF,980
0.32,Good,D,SI2,535
1.02,Very Good,H,SI1,3990
1.01,Premium,I,SI1,4484
0.43,Ideal,G,VS2,932
1.63,Premium,I,VS2,10158
0.59,Ideal,I,VS2,1395
0.31,Premium,J,VS2,340
0.71,Ideal,F,VS1,4388
0.3,Ideal,D,VS2,711
0.32,Very Good,D,VVS2,644
0.3,Premium,J,VS1,470
0.32,Ideal,H,IF,718
0.56,Premium,D,SI1,2108
0.79,Very Good,J,VS2,2376
0.9,Premium,G,SI1,4383
0.7,Ideal,I,VVS1,3051
1.26,Premium,J,VS2,4371
0.7,Fair,E,SI2,2222
0.53,Good,J,VS2,775
0.32,Ideal,G,IF,914
0.4,Very Good,E,SI1,739
0.3,Very Good,E,VS1,802
0.4,Premium,E,SI1,933
0.51,Ideal,F,VS1,1677
2.09,Very Good,F,SI2,23289
0.71,Ideal,G,VS1,2983
0.3,Ideal,H,VS1,684
0.91,Very Good,G,VS2,3986
0.53,Ideal,E,VS2,2290
0.71,Ideal,E,VS1,3115
0.37,Ideal,J,SI1,570
0.28,Very Good,F,VS2,488
0.43,Very Good,H,SI2,1091
0.5,Ideal,E,SI2,1085
1.02,Good,D,VS1,7516
1.51,Premium,F,VS2,11580
0.7,Very Good,D,SI1,3071
0.31,Ideal,G,VS2,625
0.41,Very Good,G,VS1,939
0.31,Ideal,E,VS2,595
0.48,Ideal,H,VS2,881
0.5,Very Good,G,VVS2,1734
2.01,Very Good,I,SI2,12810
0.53,Good,G,VVS2,1293
0.91,Good,I,SI1,2146
0.32,Premium,E,SI1,842
0.56,Premium,E,VS2,1123
0.42,Very Good,D,VS2,906
1.24,Premium,H,SI1,6883
0.41,Ideal,G,VS1,991
1.51,Premium,F,VS2,11564
1.15,Ideal,I,SI1,6659
0.38,Ideal,E,VS2,1064
0.52,Very Good,F,VS1,1696
0.9,Ideal,G,VVS2,6608
1.06,Premium,F,SI2,4665
1.7,Premium,I,SI1,7608
1.07,Good,F,SI2,4994
1.21,Ideal,H,VVS2,12671
0.3,Ideal,D,SI1,628
1.01,Very Good,F,VS2,6492
0.35,Ideal,G,VS2,879
0.55,Ideal,H,VS1,1559
2.29,Premium,H,VS2,13638
0.3,Good,E,VVS2,1396
0.55,Ideal,F,SI1,1913
1.7,Very Good,J,SI1,8873
1.09,Ideal,H,SI1,5466
1.07,Ideal,D,IF,15413
1.2,Premium,J,SI2,4076
0.53,Very Good,H,SI2,1041
0.53,Ideal,F,VS1,1376
1.04,Premium,G,SI1,4411
1.52,Premium,G,VS2,13372
0.4,Ideal,J,IF,693
1.54,Premium,E,SI1,11625
0.83,Premium,G,SI1,2837
0.62,Good,D,SI2,1616
1.51,Premium,G,VVS2,17200
1.04,Premium,E,VVS1,8719
1.0,Fair,E,SI2,4061
0.5,Ideal,F,SI2,1231
0.3,Good,H,VVS1,812
0.53,Ideal,G,IF,2003
0.51,Good,E,SI1,1140
0.26,Ideal,G,IF,625
0.7,Very Good,H,SI1,2184
0.7,Very Good,J,VS1,1433
2.28,Premium,J,VS1,16458
1.05,Premium,H,SI2,5319
0.41,Ideal,F,VVS1,1369
0.72,Fair,H,VVS2,1502
1.51,Premium,F,VS2,12584
0.38,Ideal,G,VS2,1012
0.38,Ideal,I,VS1,579
0.43,Ideal,G,VS1,1079
0.24,Very Good,E,VS2,405
0.3,Ideal,I,VVS2,577
1.05,Very Good,J,I1,2715
1.5,Premium,G,VS1,10541
1.51,Very Good,E,SI2,5427
0.54,Good,E,SI1,1650
0.91,Good,G,SI1,3501
1.21,Good,E,VS1,7019
0.37,Fair,F,SI1,477
0.71,Ideal,F,SI2,1733
0.44,Ideal,G,IF,1305
1.83,Fair,J,I1,4716
0.54,Ideal,E,VS2,2313
1.06,Ideal,J,VS2,6529
0.91,Very Good,G,VS1,4752
0.41,Ideal,E,VS1,848
1.26,Very Good,H,SI1,6684
0.34,Ideal,F,SI1,444
0.41,Ideal,F,SI1,868
0.59,Very Good,D,VVS1,4245
1.01,Ideal,E,VS2,7489
0.4,Very Good,G,SI2,433
0.71,Very Good,D,SI1,2711
0.32,Ideal,I,SI2,365
1.57,Very Good,H,VS2,9249
0.51,Very Good,H,SI1,1071
1.01,Very Good,F,SI2,5915
0.3,Very Good,J,VS1,361
0.75,Very Good,F,VVS2,4208
0.91,Fair,E,VVS2,7846
0.26,Ideal,I,VS1,313
0.7,Ideal,H,SI2,3172
0.9,Very Good,F,I1,2080
1.16,Ideal,I,SI2,3457
0.3,Good,E,VVS1,643
1.02,Ideal,F,SI2,5236
1.1,Ideal,F,VVS1,9528
0.3,Ideal,G,VS2,465
0.3,Ideal,F,IF,883
0.7,Ideal,G,SI2,2587
0.53,Very Good,J,SI1,1322
1.04,Very Good,I,SI1,4590
0.41,Ideal,I,VVS1,963
0.24,Very Good,F,VVS2,344
0.36,Premium,G,VS1,911
0.3,Ideal,E,SI1,786
2.22,Good,I,SI2,13292
1.01,Premium,J,SI2,3239
1.03,Premium,I,SI1,3448
0.31,Ideal,H,VVS2,695
1.23,Premium,F,VS2,8463
0.51,Premium,D,VS2,2168
1.51,Fair,H,SI2,6015
1.0,Premium,H,SI1,4678
0.41,Ideal,F,VS1,895
0.33,Ideal,H,VS1,670
0.36,Ideal,H,IF,1067
1.6,Ideal,E,SI2,11284
2.01,Ideal,G,SI2,11325
1.11,Premium,H,VS2,6157
0.39,Premium,F,VVS1,1087
0.4,Ideal,E,VVS1,1420
1.0,Fair,E,SI2,2134
1.53,Ideal,F,SI1,13252
1.04,Very Good,D,SI2,4688
0.53,Very Good,I,VS1,1213
0.32,Very Good,G,SI2,326
0.74,Very Good,I,VVS2,3054
0.34,Premium,H,VVS1,1174
1.21,Premium,G,VS2,10001
0.4,Premium,F,VVS1,1273
1.7,Good,J,VS2,8910
0.58,Fair,G,VS1,1526
1.02,Premium,J,SI1,2741
1.16,Very Good,G,VS1,9617
1.04,Very Good,G,SI2,3839
2.02,Very Good,I,VS2,16918
0.4,Premium,F,VS2,1304
0.32,Ideal,D,VS2,949
0.62,Ideal,F,VVS1,4140
0.51,Good,G,VS2,1606
0.9,Premium,I,VS2,2947
0.3,Good,G,VS1,676
0.57,Ideal,F,VVS2,2524
0.4,Ideal,D,VS2,1072
0.76,Ideal,E,VS2,3776
1.66,Good,G,VS2,11208
1.52,Premium,I,SI1,7820
1.05,Ideal,F,VS2,6016
0.41,Ideal,J,VS1,626
0.42,Ideal,E,VS2,1036
0.5,Very Good,D,SI2,1425
0.75,Premium,J,SI2,924
1.21,Good,J,VS2,5312
0.72,Ideal,J,SI1,2281
1.57,Ideal,H,SI1,11409
0.7,Good,D,SI2,2447
0.46,Premium,I,SI2,612
1.01,Good,E,VVS2,5952
1.58,Very Good,H,SI2,7395
1.01,Premium,D,SI1,6639
0.71,Ideal,I,VS1,2055
0.27,Very Good,F,VS2,577
0.5,Ideal,G,SI1,906
1.53,Ideal,G,VVS1,19496
1.03,Very Good,H,SI2,4492
2.01,Premium,J,SI1,12761
1.03,Premium,E,SI1,5337
0.77,Premium,F,VS1,3556
0.73,Ideal,F,VVS1,4997
0.57,Good,D,SI1,1702
1.0,Fair,I,SI2,2580
0.34,Premium,G,VVS2,903
1.6,Ideal,G,VS1,10437
0.34,Good,F,SI2,581
2.01,Fair,I,VS2,17052
0.41,Ideal,F,VS2,639
0.51,Premium,G,VVS1,2269
1.21,Very Good,G,SI2,3927
0.37,Ideal,E,VS2,1059
1.26,Ideal,G,VS1,9170
1.0,Premium,G,VS2,5462
0.32,Premium,E,VVS2,833
0.41,Ideal,F,VVS2,857
1.1,Ideal,F,VVS2,11124
0.59,Very Good,H,VS1,1560
0.3,Premium,F,VS2,499
0.41,Good,J,VS1,694
0.76,Ideal,D,SI2,2671
1.02,Ideal,E,IF,9642
0.5,Premium,E,SI1,1084
2.19,Premium,H,SI1,17165
0.3,Premium,D,SI2,489
0.34,Ideal,F,VS2,721
1.5,Very Good,H,SI1,7237
0.71,Very Good,D,SI1,3093
1.51,Premium,J,SI1,8484
0.7,Very Good,G,VS2,2910
0.9,Good,D,SI2,4106
0.71,Ideal,E,VS2,2320
1.01,Premium,E,SI1,5278
1.16,Very Good,G,VVS2,7281
0.71,Ideal,E,VS1,3100
1.26,Ideal,H,SI2,7502
0.9,Very Good,H,SI2,3361
1.21,Ideal,J,VS1,5484
0.53,Ideal,F,VVS2,2657
0.53,Premium,G,SI1,1132
0.38,Very Good,G,VS1,868
1.0,Premium,G,SI1,3581
0.6,Ideal,E,SI1,1783
1.69,Ideal,H,I1,7400
0.31,Good,D,SI1,723
1.22,Very Good,D,SI2,7020
1.53,Very Good,F,SI1,10292
1.11,Very Good,G,VS2,5039
0.7,Fair,I,VS1,2100
0.32,Ideal,F,VS2,720
1.1,Ideal,G,VS2,9388
0.52,Ideal,G,VS1,1711
1.24,Very Good,F,VVS2,11633
2.01,Premium,I,SI1,19251
0.71,Very Good,F,I1,1051
0.4,Ideal,D,SI1,980
0.71,Good,D,VS1,4603
2.0,Very Good,D,SI2,20273
1.0,Good,D,VS1,6009
0.31,Premium,F,VS2,742
1.1,Ideal,D,VVS2,10279
0.31,Ideal,G,VS2,751
0.51,Ideal,D,SI2,1682
0.39,Premium,H,SI2,416
0.83,Good,H,SI2,2886
0.39,Premium,D,VVS2,1418
0.28,Very Good,F,VVS2,660
0.52,Ideal,F,VS2,1512
0.31,Premium,G,VVS1,836
0.71,Ideal,G,VVS2,3002
0.91,Very Good,G,SI2,3320
1.59,Ideal,J,SI1,9563
2.02,Ideal,H,SI2,12045
0.54,Premium,E,VS2,1709
2.01,Very Good,J,SI1,11424
0.41,Ideal,E,VS1,1236
1.67,Ideal,I,VS1,13820
1.03,Ideal,E,VVS2,14255
1.26,Premium,F,VS1,10914
0.51,Ideal,E,VS2,1435
1.53,Ideal,G,VVS2,14113
0.51,Ideal,E,SI2,1354
1.33,Very Good,H,SI2,4313
1.21,Ideal,F,VVS1,15595
1.35,Ideal,G,I1,4686
0.32,Ideal,F,VS2,752
0.7,Very Good,I,SI2,1604
0.37,Ideal,E,VS2,728
0.4,Very Good,E,VS2,818
1.12,Premium,H,I1,3181
0.9,Ideal,F,VS2,4159
0.7,Ideal,I,VS2,2225
1.03,Good,I,VS2,5221
0.36,Premium,H,VS2,678
0.38,Premium,D,VS1,1234
1.04,Very Good,F,SI2,4436
0.56,Ideal,F,VS2,2019
2.2,Ideal,H,SI2,19890
0.7,Ideal,G,VVS2,2268
0.75,Premium,H,SI2,2265
0.75,Ideal,D,VS2,2935
0.32,Ideal,E,VS2,719
0.91,Ideal,I,VS1,3889
0.61,Ideal,F,VVS2,2609
1.14,Good,I,VS1,4217
1.2,Premium,I,VS1,5927
0.77,Very Good,F,SI2,2704
1.01,Very Good,G,SI1,4364
0.48,Premium,H,VS1,1036
0.32,Ideal,G,VVS1,1073
0.31,Very Good,D,IF,1156
1.02,Very Good,F,SI2,3966
1.5,Premium,H,SI1,9124
0.27,Very Good,F,VVS2,733
0.93,Premium,F,SI2,2306
1.07,Good,D,SI2,5459
1.72,Premium,H,SI1,12670
1.03,Very Good,F,VS2,7442
0.7,Very Good,H,SI2,2349
0.51,Premium,J,VS2,1079
2.07,Very Good,H,SI1,19817
0.51,Very Good,J,SI1,1184
1.01,Ideal,G,VS2,6749
0.35,Ideal,E,VS2,1102
0.3,Ideal,F,VVS1,725
0.33,Premium,F,VS2,849
1.03,Premium,I,VS1,3899
0.31,Ideal,H,SI1,455
0.3,Premium,G,VVS2,943
1.54,Premium,D,VS2,13324
0.31,Good,H,VVS2,743
0.75,Premium,D,SI1,1685
0.25,Ideal,D,SI1,404
1.04,Premium,H,VVS2,5938
1.22,Ideal,J,SI1,4863
0.8,Fair,G,SI2,2470
0.32,Premium,H,VS2,532
1.51,Premium,E,SI1,12262
1.7,Premium,I,VS2,11343
1.02,Premium,F,VVS2,7099
0.7,Premium,I,VVS2,2312
0.55,Ideal,G,VS1,1707
0.31,Fair,E,VS2,493
0.37,Ideal,E,VS2,937
0.73,Premium,H,VS2,2254
0.41,Ideal,F,VVS1,1501
0.34,Very Good,F,SI2,515
0.9,Ideal,E,VS2,5585
0.3,Premium,H,VVS1,757
0.85,Premium,E,VS2,3884
1.83,Ideal,J,VS2,15166
1.01,Premium,H,SI2,4443
0.46,Ideal,E,VS1,1570
1.38,Ideal,J,SI1,5577
1.01,Premium,E,SI1,5223
0.56,Ideal,D,SI1,1347
0.78,Very Good,E,SI1,2758
0.3,Ideal,G,SI1,504
0.27,Very Good,G,VVS2,568
0.2,Premium,F,VS2,390
1.01,Good,E,SI2,5597
1.16,Premium,F,SI2,5974
0.76,Ideal,D,VS2,2816
0.43,Ideal,H,VS2,740
0.74,Ideal,E,VS2,2559
1.06,Very Good,G,VS2,6887
0.53,Ideal,F,VVS2,1846
0.92,Premium,D,SI1,5127
0.24,Very Good,E,VVS1,567
0.99,Very Good,F,SI2,4939
0.39,Very Good,G,SI1,680
0.61,Ideal,H,VVS1,1897
1.11,Premium,H,SI1,6157
0.53,Ideal,F,VS1,1475
0.91,Premium,F,VS2,4766
0.7,Good,E,SI1,2396
1.01,Very Good,H,SI1,4863
0.53,Very Good,G,SI2,1242
1.12,Ideal,E,SI2,6768
0.31,Very Good,F,VS2,749
0.9,Ideal,E,SI2,2877
0.71,Very Good,E,SI1,2402
0.37,Ideal,G,SI1,493
1.07,Ideal,F,SI2,5952
2.03,Ideal,H,SI1,15241
1.21,Premium,F,VS2,8953
0.38,Ideal,G,SI1,654
1.06,Very Good,H,SI1,3501
0.35,Premium,D,SI1,768
0.58,Ideal,E,SI1,2057
0.31,Ideal,G,VVS1,988
1.04,Ideal,I,SI1,3998
1.0,Premium,F,VS2,4788
1.12,Very Good,I,VS2,5748
0.52,Premium,G,VVS2,2007
0.31,Ideal,H,IF,838
1.01,Good,F,SI2,3466
1.52,Premium,D,SI2,10813
0.51,Ideal,G,VVS1,2501
0.41,Ideal,G,IF,1105
0.23,Ideal,E,VS1,393
0.71,Ideal,G,VVS2,3449
0.54,Ideal,D,VS2,2086
1.11,Premium,H,SI1,4602
0.58,Very Good,E,VS2,2102
0.9,Good,G,SI1,3991
0.51,Ideal,D,IF,3472
0.81,Premium,G,VS1,3215
0.35,Premium,H,VVS1,945
1.2,Very Good,F,VS1,9012
0.5,Premium,I,SI2,697
0.57,Ideal,F,VVS2,2215
0.33,Ideal,D,VS2,962
0.43,Premium,F,SI2,865
0.35,Ideal,I,SI1,453
0.33,Ideal,G,VS2,801
1.09,Premium,E,SI2,3968
0.41,Premium,G,VS2,1315
0.44,Good,E,VS2,872
0.54,Ideal,I,VS2,1409
0.7,Good,G,VS1,2656
0.31,Premium,E,SI1,709
0.37,Ideal,G,IF,1129
0.44,Ideal,E,VVS1,1402
0.61,Very Good,G,VS2,1575
2.08,Ideal,I,SI2,15720
1.0,Very Good,G,VVS2,7345
0.72,Very Good,J,VS1,1372
0.26,Very Good,E,VVS2,677
0.23,Very Good,E,VVS1,512
0.71,Good,I,VS1,1996
0.36,Ideal,H,VS2,489
0.56,Fair,E,SI2,1162
1.5,Premium,F,SI2,6200
0.71,Very Good,E,VS2,3643
2.32,Ideal,G,SI2,17461
0.31,Premium,G,VS1,659
0.71,Very Good,E,VS2,2831
0.56,Fair,E,VVS2,1975
1.03,Ideal,G,SI2,3389
0.23,Very Good,E,VVS2,676
0.33,Ideal,I,IF,542
1.01,Premium,G,VS2,4861
0.71,Ideal,F,VS1,4096
1.21,Very Good,G,VS2,5307
1.07,Premium,F,VS1,6566
1.01,Premium,G,SI1,5678
0.32,Ideal,G,IF,1088
1.04,Premium,I,SI2,4132
1.0,Good,D,VS1,7064
1.13,Ideal,H,SI2,2747
1.2,Very Good,H,SI1,4832
0.61,Ideal,F,VS1,2013
1.54,Premium,G,SI2,7694
2.25,Ideal,I,SI2,14230
1.14,Ideal,H,SI1,5282
2.29,Premium,J,IF,19357
0.7,Ideal,F,SI1,2114
1.09,Ideal,F,VS1,8379
0.7,Good,H,VVS2,1971
0.28,Ideal,E,VVS2,483
0.73,Ideal,G,VS2,2780
0.31,Premium,G,VVS1,1011
0.62,Ideal,G,VVS2,3587
0.73,Very Good,J,SI1,2228
0.33,Ideal,G,VVS1,928
1.5,Very Good,H,SI1,6447
1.04,Premium,E,SI1,7384
0.4,Good,G,SI1,600
1.56,Very Good,I,VS2,10471
0.31,Very Good,G,SI2,453
0.9,Premium,E,VS1,4768
0.32,Ideal,F,VVS1,690
0.43,Ideal,G,VVS1,1388
0.7,Premium,H,VS1,2513
0.67,Ideal,G,VS2,2122
0.82,Very Good,G,VS2,2798
0.43,Ideal,H,SI1,949
0.73,Ideal,F,VS1,3205
1.24,Premium,D,VS2,7330
0.32,Ideal,G,VS2,435
1.5,Ideal,G,VS1,12311
1.0,Good,I,VS2,4096
0.32,Good,E,SI1,439
0.72,Ideal,H,VS1,3469
1.01,Ideal,G,IF,9702
0.3,Ideal,G,VVS1,684
1.01,Very Good,J,SI1,4589
1.17,Very Good,F,VS2,7066
0.36,Premium,H,VS1,603
0.75,Very Good,E,VS2,3400
0.3,Ideal,G,VVS1,1038
1.01,Ideal,I,SI1,5075
0.41,Premium,D,SI1,1041
0.52,Ideal,F,VS1,2202
0.3,Ideal,E,VS2,804
0.36,Premium,F,SI1,667
0.59,Very Good,G,SI2,1193
0.36,Ideal,F,VVS2,861
0.46,Ideal,J,VVS1,739
0.72,Ideal,H,VVS1,4221
1.04,Very Good,G,SI2,4079
0.52,Ideal,E,SI1,2090
0.8,Premium,H,SI1,2638
0.32,Premium,E,VVS1,1080
1.23,Premium,H,SI1,3391
0.27,Very Good,G,VVS1,651
0.34,Ideal,D,SI1,663
0.4,Very Good,G,SI1,935
1.5,Premium,I,SI1,8782
1.27,Very Good,G,VVS2,10110
1.24,Premium,F,VS1,10158
1.02,Premium,F,SI2,5237
1.73,Premium,I,VS1,12981
0.71,Good,I,VS2,1527
0.9,Ideal,E,SI1,3593
1.2,Very Good,D,SI2,4870
0.43,Premium,F,VS1,1322
1.2,Very Good,I,VS2,5211
0.91,Fair,D,SI1,4179
0.42,Ideal,I,VVS1,634
0.53,Ideal,E,SI1,1589
0.71,Very Good,E,SI1,2905
0.5,Very Good,F,VVS2,2341
0.32,Premium,H,VS2,511
1.0,Premium,G,SI2,4334
0.77,Ideal,D,SI1,2961
1.11,Ideal,F,VS2,10199
0.32,Ideal,E,SI1,690
0.32,Premium,F,VVS2,1161
0.51,Good,E,SI1,1082
0.88,Ideal,I,SI1,3391
0.62,Premium,G,VVS2,2224
0.31,Good,H,VS2,440
0.82,Ideal,D,VS2,4006
0.29,Very Good,F,VVS1,654
1.7,Premium,I,SI1,8150
0.74,Premium,G,VVS1,3292
0.45,Ideal,F,VS2,920
1.01,Very Good,F,SI1,4656
1.21,Premium,H,SI2,3454
0.56,Ideal,E,VS1,1824
0.54,Ideal,G,IF,2441
0.39,Ideal,I,VS2,578
0.77,Good,I,VS1,2056
0.3,Premium,E,VS2,820
1.07,Premium,I,SI1,3830
0.79,Very Good,D,SI2,3738
1.22,Premium,E,VVS1,16434
1.03,Ideal,J,VS2,3882
0.5,Ideal,F,VS1,1465
1.01,Very Good,E,SI2,5126
0.52,Ideal,G,SI1,1142
1.06,Ideal,F,VS2,9256
0.91,Premium,D,SI1,3530
0.71,Ideal,D,SI1,3886
1.01,Good,G,VVS2,6920
2.31,Premium,H,SI2,14521
1.01,Premium,F,SI1,5765
0.55,Ideal,H,SI2,982
1.0,Premium,J,VS2,3463
1.57,Premium,G,SI1,13627
0.32,Premium,D,SI1,755
1.02,Ideal,E,VS2,8785
0.23,Very Good,D,VVS1,513
0.41,Premium,D,SI1,921
1.01,Very Good,H,SI2,3736
0.71,Premium,E,VS2,3025
1.5,Premium,I,VS2,8571
1.19,Very Good,E,VS2,6540
0.7,Premium,G,SI2,1830
2.14,Premium,G,SI2,18398
0.38,Very Good,F,VVS1,1290
1.02,Very Good,H,SI1,4250
0.39,Ideal,F,SI1,685
2.14,Very Good,J,SI1,14360
1.02,Good,H,SI2,5027
1.13,Premium,I,VS2,5420
1.08,Ideal,G,VS2,7860
0.7,Ideal,G,VVS1,3866
1.02,Ideal,H,SI2,5585
1.52,Ideal,H,VVS2,12056
0.78,Very Good,I,SI2,1652
0.45,Good,F,VS1,987
0.3,Ideal,G,SI1,483
0.31,Ideal,H,VS1,557
1.03,Very Good,D,SI2,3803
0.9,Ideal,H,SI1,3391
0.31,Premium,E,VVS2,633
1.29,Premium,I,SI1,7309
2.05,Very Good,G,SI1,11436
1.57,Premium,I,SI2,7603
1.56,Premium,H,VS2,11423
1.38,Very Good,H,SI2,7395
0.7,Ideal,G,SI1,2649
1.0,Fair,E,VS2,4108
0.31,Ideal,G,VS1,642
0.31,Premium,E,VS2,1222
0.75,Ideal,D,SI1,2185
1.51,Good,D,I1,6342
0.56,Ideal,D,SI1,1934
0.3,Premium,G,VVS1,1090
1.14,Ideal,G,VS2,7081
1.5,Very Good,E,SI2,10874
0.8,Premium,J,SI2,2304
0.32,Very Good,G,VVS1,700
1.07,Premium,F,SI2,5462
0.71,Ideal,J,VS1,1811
0.7,Premium,G,SI1,2430
0.3,Ideal,F,SI1,433
1.51,Very Good,F,VS1,12152
2.14,Premium,H,SI1,16249
1.05,Very Good,G,VS2,6059
0.7,Very Good,H,SI2,2126
1.06,Very Good,H,SI1,4955
1.24,Premium,I,VS2,5784
0.71,Premium,E,SI1,2695
1.2,Ideal,J,VS1,4907
0.72,Ideal,F,VS1,2987
1.53,Premium,G,VS1,13635
1.0,Premium,F,SI1,5254
1.19,Very Good,D,SI2,6740
1.69,Good,E,VS1,20891
1.66,Premium,D,SI1,16098
1.5,Good,J,SI2,6189
0.38,Ideal,E,VVS2,1070
1.5,Good,F,VS2,11383
0.71,Ideal,E,VS2,3932
0.33,Ideal,E,VS1,1368
0.34,Premium,H,VS1,753
0.75,Very Good,E,SI1,2719
1.21,Premium,H,SI1,5455
0.52,Ideal,D,VS2,1738
0.76,Ideal,E,VS1,3177
1.52,Ideal,D,VS1,21908
1.0,Ideal,G,VS1,6598
0.72,Very Good,E,VVS2,3787
1.52,Premium,D,VS1,20286
1.41,Premium,F,SI2,8382
0.24,Very Good,F,VVS1,535
0.54,Ideal,E,VS2,2017
1.2,Very Good,G,SI2,4730
0.32,Good,F,SI2,557
0.3,Ideal,D,VS2,868
0.52,Ideal,G,VVS1,2025
0.31,Premium,D,IF,1430
0.42,Very Good,H,VS2,864
0.31,Very Good,G,VS1,452
0.35,Ideal,F,SI1,728
0.41,Good,G,SI2,579
0.4,Very Good,H,VVS2,1011
0.7,Ideal,E,VS1,3350
1.5,Good,E,VS2,17689
0.43,Good,D,SI1,839
0.41,Ideal,H,VS1,810
1.08,Ideal,D,SI2,5862
0.71,Very Good,I,VS2,2166
0.32,Premium,H,VS1,628
1.02,Ideal,E,IF,12273
0.3,Premium,G,VVS2,418
0.23,Very Good,F,VVS1,631
0.32,Premium,G,VS2,624
0.97,Good,J,VS2,4243
0.8,Very Good,D,VS2,2855
0.36,Ideal,H,VVS1,714
0.32,Ideal,E,SI1,609
0.64,Premium,E,SI1,1598
1.2,Ideal,G,VS2,7570
0.4,Very Good,E,VVS2,1136
1.79,Ideal,J,SI1,10672
0.51,Good,E,VS2,2246
0.23,Very Good,E,VS1,384
0.4,Ideal,G,IF,1160
0.98,Fair,F,SI1,4083
0.96,Very Good,D,SI2,4348
0.7,Good,I,VVS2,2299
0.43,Very Good,E,I1,580
1.08,Ideal,D,SI1,7820
0.53,Ideal,H,VVS1,1825
0.55,Very Good,G,VVS2,1902
1.5,Premium,I,VS1,10197
0.4,Ideal,G,VS2,613
0.55,Ideal,D,VS2,1666
0.28,Ideal,E,VVS2,614
0.3,Very Good,E,VVS2,804
0.33,Very Good,D,SI1,764
0.91,Ideal,E,SI1,5707
0.3,Ideal,D,VS2,793
0.32,Very Good,F,SI2,567
0.41,Ideal,I,VVS1,765
0.55,Ideal,H,VVS2,1623
0.7,Good,F,VS1,2841
1.01,Fair,D,SI2,3709
0.75,Ideal,E,SI1,2343
1.02,Premium,I,SI2,4863
1.01,Good,D,VVS2,11511
0.72,Ideal,F,SI2,2870
0.3,Premium,E,VS2,891
0.41,Very Good,E,VS1,904
0.31,Premium,G,VVS1,1124
0.7,Ideal,E,VVS2,2699
2.22,Ideal,I,VS2,22231
0.54,Ideal,J,SI2,1080
2.08,Premium,H,SI2,14065
0.71,Ideal,G,SI1,2446
1.53,Premium,J,VVS1,9714
1.04,Very Good,H,VVS2,4701
0.3,Ideal,F,VS1,764
1.03,Ideal,H,SI2,4640
1.64,Premium,I,SI2,7316
0.77,Fair,I,VVS2,2618
1.53,Ideal,E,SI1,13252
0.7,Premium,F,SI1,2744
1.21,Very Good,H,VS1,5649
0.91,Very Good,G,SI1,3643
1.52,Premium,E,SI1,7265
0.59,Ideal,E,VS2,1632
0.53,Ideal,H,SI1,1474
0.4,Ideal,E,VVS1,1524
0.9,Premium,G,SI2,3340
0.31,Premium,F,IF,708
0.51,Good,D,SI2,1204
2.05,Ideal,H,SI1,15030
0.44,Ideal,D,SI1,970
0.4,Very Good,D,VS1,1011
0.52,Ideal,I,SI1,1145
1.51,Good,H,VS2,9949
0.53,Ideal,H,VVS1,1344
1.11,Ideal,H,SI1,5638
0.71,Very Good,G,VS2,2516
1.05,Very Good,G,VS1,6419
0.71,Good,I,SI1,1842
0.59,Premium,G,SI1,1475
0.92,Premium,E,SI1,3692
0.26,Ideal,E,VVS2,566
1.03,Very Good,G,VS2,8300
1.01,Good,E,VS2,5721
2.21,Premium,J,SI2,14336
0.32,Ideal,E,SI2,356
0.35,Ideal,F,VS1,889
0.42,Ideal,F,VS1,1350
0.56,Premium,F,VS2,1575
0.34,Premium,D,SI1,685
0.35,Premium,D,VS2,634
0.9,Good,H,SI2,2973
0.32,Very Good,I,VS1,730
0.56,Ideal,G,VS2,1429
0.41,Very Good,F,VS2,1037
1.02,Premium,J,SI1,3191
0.52,Ideal,F,VS1,1780
0.34,Ideal,G,VS2,690
1.21,Ideal,H,SI1,6293
0.34,Very Good,E,SI1,706
0.41,Ideal,G,VVS1,1340
1.22,Ideal,H,VS2,6188
0.84,Ideal,I,VS2,3123
0.23,Very Good,F,VVS1,492
0.7,Very Good,H,SI2,2746
0.71,Good,H,SI1,2446
0.96,Premium,I,VS2,4130
2.52,Fair,H,SI2,11984
0.71,Ideal,E,VS1,4039
0.91,Ideal,H,VS1,4212
1.06,Premium,F,SI1,4682
1.19,Premium,I,SI1,3520
0.56,Ideal,F,VVS2,2210
0.7,Premium,F,VS1,2855
0.7,Ideal,E,SI1,2985
0.36,Ideal,E,SI1,597
1.04,Ideal,H,SI2,3266
0.58,Very Good,E,SI1,1496
1.51,Very Good,E,SI1,12063
1.04,Very Good,F,SI2,3231
0.31,Premium,D,SI2,571
1.05,Premium,E,SI2,3866
1.25,Premium,J,VS2,4599
0.32,Ideal,G,VS2,619
1.01,Premium,F,VS2,4155
1.0,Premium,J,VS1,3765
0.52,Ideal,E,VS2,1661
0.77,Fair,F,VS1,2201
0.6,Ideal,F,VVS2,2857
0.42,Ideal,D,VVS2,1609
1.22,Ideal,J,VS1,5630
0.59,Very Good,D,SI1,2077
0.31,Ideal,E,VS2,789
0.6,Ideal,D,VVS1,4380
0.7,Premium,E,VS2,2445
0.36,Premium,F,VS2,880
1.34,Very Good,J,SI2,5585
0.54,Premium,F,VS1,1750
1.01,Premium,H,SI2,3933
0.63,Premium,E,VS1,2002
0.7,Ideal,F,VS2,3826
0.58,Ideal,E,VVS2,3895
1.51,Premium,G,VS2,11428
0.72,Very Good,F,VS1,3269
0.73,Ideal,G,SI2,2255
0.77,Ideal,H,SI1,3184
1.32,Premium,J,VS2,6249
1.07,Ideal,G,VS2,8328
0.85,Ideal,E,SI1,3810
0.71,Premium,E,SI1,3028
0.32,Premium,E,SI1,813
1.63,Ideal,I,VS2,11527
0.51,Ideal,F,VVS1,1811
0.33,Ideal,E,VS2,813
0.36,Ideal,H,VS2,581
1.11,Premium,G,SI2,5584
0.43,Good,F,VS1,769
1.54,Ideal,I,SI1,10100
0.4,Ideal,G,SI1,959
0.38,Premium,E,VVS1,1313
0.33,Ideal,H,VS1,816
0.38,Ideal,G,SI2,559
1.02,Premium,G,VS2,6451
1.5,Fair,J,VS2,5379
0.7,Very Good,D,VVS1,4671
1.11,Ideal,E,VS2,8382
0.41,Premium,G,VS1,983
0.33,Premium,G,VVS2,841
0.5,Premium,E,VS2,1647
0.42,Premium,E,SI1,1022
0.42,Very Good,H,VS2,865
0.4,Very Good,E,VS1,922
0.42,Ideal,H,IF,1275
0.4,Very Good,E,VS2,572
1.01,Good,G,VS2,6296
0.5,Premium,G,VVS1,1619
0.76,Ideal,I,VVS1,2726
0.32,Very Good,H,VS2,621
0.77,Premium,F,VS1,3645
0.37,Ideal,G,VS2,771
0.31,Ideal,F,VS2,919
0.31,Ideal,J,SI1,424
0.4,Ideal,G,VVS1,715
1.22,Ideal,H,VVS2,7393
1.01,Premium,D,SI1,4347
0.73,Ideal,G,VVS1,3728
0.38,Ideal,E,SI1,499
1.0,Very Good,J,SI2,3478
0.71,Ideal,G,SI2,2102
0.73,Ideal,G,VVS2,5070
1.5,Very Good,G,VS1,10889
0.3,Premium,E,VVS2,1014
0.5,Very Good,F,SI1,966
0.54,Ideal,F,VVS2,1777
1.53,Very Good,I,VS1,9945
0.9,Premium,F,SI2,4152
0.91,Very Good,G,SI2,3203
0.34,Premium,E,SI2,707
0.39,Premium,G,VS2,1080
1.58,Ideal,G,SI1,11693
0.23,Very Good,E,VVS2,505
0.54,Ideal,I,SI2,983
0.26,Premium,E,VS2,473
0.46,Ideal,E,VVS2,1607
1.21,Premium,I,SI1,5517
0.34,Ideal,H,SI1,458
0.8,Very Good,G,SI2,2774
1.5,Very Good,F,SI1,9703
0.37,Good,H,SI1,470
1.01,Very Good,H,SI1,4887
1.63,Ideal,I,SI1,10680
0.33,Very Good,E,SI1,575
2.0,Ideal,H,I1,7864
1.22,Very Good,H,VS1,8571
0.56,Ideal,G,VS2,1411
0.57,Ideal,F,SI1,1653
0.92,Premium,H,VS1,3459
1.2,Very Good,I,VS2,5386
0.54,Premium,G,SI1,1411
0.78,Very Good,F,VS1,3693
0.9,Premium,F,SI1,3739
0.31,Ideal,F,IF,816
1.24,Premium,F,SI1,5587
0.7,Very Good,F,SI2,1982
1.51,Ideal,F,SI1,11883
1.03,Good,D,SI2,5040
0.51,Premium,G,VS1,2272
0.3,Premium,G,IF,896
0.55,Ideal,F,SI2,1250
0.9,Very Good,H,SI1,3469
0.4,Ideal,G,IF,1309
0.32,Premium,D,SI1,658
0.3,Very Good,J,VS1,501
0.7,Ideal,E,VS2,1892
0.51,Ideal,E,SI1,1907
0.23,Very Good,F,VVS2,594
1.21,Good,J,SI2,4337
0.36,Ideal,D,VS2,871
0.32,Ideal,E,SI2,426
1.18,Premium,G,VVS2,10917
1.01,Good,H,VS1,4923
0.6,Ideal,G,VS2,1318
1.0,Premium,F,SI1,6156
1.34,Ideal,G,VVS1,10479
2.03,Premium,J,VS1,14380
1.07,Ideal,F,SI2,5521
0.71,Ideal,E,VS2,3333
1.0,Premium,D,VS1,7545
0.58,Ideal,G,VS2,1743
0.75,Premium,H,VS2,2842
0.72,Ideal,G,VS1,2766
0.7,Very Good,I,VVS2,2277
0.38,Ideal,E,VS2,1055
2.03,Premium,G,VS2,17604
0.44,Premium,G,SI1,628
1.21,Very Good,I,VS1,6161
1.0,Very Good,H,SI1,5085
0.31,Ideal,D,VS2,933
1.53,Ideal,F,SI1,12175
1.01,Very Good,E,SI2,4395
0.9,Ideal,G,VS2,4447
2.26,Premium,H,SI2,13609
0.31,Ideal,G,IF,936
0.72,Ideal,E,SI1,3043
1.51,Very Good,H,VS2,9725
0.8,Very Good,F,VS1,4056
0.82,Premium,E,SI2,2365
1.51,Fair,D,SI1,8004
1.02,Very Good,F,SI1,5317
0.3,Ideal,E,VVS2,1066
0.41,Premium,H,VS1,1242
0.31,Very Good,E,SI1,551
0.38,Ideal,G,VS2,569
0.73,Very Good,G,SI2,2110
0.57,Ideal,E,SI1,1745
1.71,Very Good,I,SI2,8732
0.9,Very Good,F,VS2,5902
0.71,Fair,G,SI1,2241
0.43,Ideal,G,VVS1,1397
0.32,Premium,E,VVS2,965
1.11,Ideal,I,VS2,5616
0.5,Very Good,H,VVS1,1887
1.21,Very Good,J,VS2,2706
0.5,Very Good,F,SI2,1174
0.43,Ideal,G,VVS2,961
0.36,Ideal,H,VS2,617
1.58,Premium,G,VVS2,12208
1.03,Ideal,D,SI1,6586
1.5,Premium,G,SI2,7300
1.23,Ideal,G,SI2,3487
0.42,Ideal,H,VVS1,1282
0.41,Good,F,VVS1,915
0.3,Premium,G,VS1,678
1.0,Ideal,D,SI1,4945
0.3,Very Good,D,VS2,762
0.28,Very Good,H,VVS2,485
0.29,Ideal,D,VS1,554
1.51,Good,F,SI1,11224
1.58,Very Good,H,VS2,11926
0.41,Ideal,F,VS2,788
0.33,Ideal,G,VVS1,914
1.01,Very Good,F,SI2,5491
0.28,Ideal,D,VVS1,778
2.71,Premium,E,SI2,19188
0.53,Ideal,H,VS1,1207
0.4,Ideal,H,SI1,714
0.51,Ideal,E,VS2,1876
0.33,Premium,F,SI1,479
1.55,Very Good,G,VS2,14085
0.3,Very Good,H,SI1,627
0.38,Ideal,F,VS1,796
0.3,Premium,I,VVS2,543
1.01,Ideal,I,SI1,5246
0.24,Very Good,E,VVS2,628
0.83,Good,F,SI2,2178
1.0,Very Good,D,SI1,3783
0.3,Ideal,G,IF,1024
0.34,Ideal,E,SI1,604
0.54,Ideal,D,SI1,1407
0.75,Very Good,E,SI1,3454
0.54,Premium,D,VS2,1911
2.01,Good,H,SI1,14345
0.41,Ideal,F,VS2,1051
1.12,Very Good,G,I1,3146
0.24,Ideal,F,VVS1,845
1.01,Premium,F,SI2,4864
0.9,Good,F,VVS2,4147
0.3,Ideal,G,VVS2,670
0.4,Very Good,F,VS1,777
0.72,Premium,G,VS2,2271
1.22,Ideal,H,VS1,5573
1.01,Premium,G,SI2,5392
0.74,Very Good,H,VS2,2410
1.77,Premium,I,VS2,13977
1.27,Premium,H,VS2,6340
0.53,Very Good,D,VS2,1495
2.04,Very Good,I,SI2,16283
0.47,Ideal,I,VS2,830
0.34,Ideal,H,VS1,871
1.08,Very Good,E,SI2,3866
1.06,Fair,G,SI2,4000
0.33,Ideal,D,SI1,511
1.5,Very Good,H,SI1,8649
0.31,Ideal,F,IF,1210
0.75,Very Good,D,SI1,2076
1.5,Premium,I,VS2,11270
0.31,Ideal,D,VVS2,1116
1.2,Good,I,VS1,5394
0.42,Ideal,I,VS2,1160
1.0,Very Good,F,VS1,6311
1.7,Premium,E,SI1,13167
0.76,Ideal,D,SI1,2688
0.91,Good,H,SI1,3867
1.19,Ideal,I,SI1,5294
1.22,Good,G,VS2,7614
0.61,Ideal,F,VS1,2229
0.65,Ideal,H,IF,2707
0.3,Ideal,D,VS2,828
1.39,Very Good,E,VS1,13891
1.53,Ideal,H,SI1,9936
1.25,Premium,H,SI2,5222
0.9,Good,H,VS1,3318
0.31,Premium,H,VVS1,731
0.35,Ideal,G,VVS2,642
0.7,Ideal,E,VS2,3386
1.14,Premium,F,SI1,6600
0.9,Very Good,G,SI1,4287
0.36,Ideal,D,SI2,468
0.3,Very Good,H,SI1,533
0.4,Ideal,J,VVS2,664
0.51,Ideal,F,VVS2,2608
0.73,Ideal,I,SI1,2306
0.24,Very Good,F,VS1,435
1.33,Ideal,H,VS1,6856
1.03,Ideal,H,SI2,2904
0.24,Very Good,E,VVS2,602
0.42,Premium,D,VS2,857
1.01,Very Good,F,VS2,4097
1.14,Ideal,J,SI2,3709
1.47,Premium,G,VS2,10474
0.93,Good,D,SI2,4388
0.73,Ideal,J,SI1,2234
0.33,Ideal,G,VVS1,999
0.52,Ideal,D,VS1,2779
0.7,Premium,F,SI1,2709
0.97,Ideal,F,I1,2989
0.3,Ideal,G,SI1,595
0.59,Very Good,G,VS1,1840
1.0,Very Good,D,SI1,5834
0.72,Ideal,F,VS1,4033
1.08,Very Good,G,SI2,4914
0.57,Very Good,I,VS2,991
1.25,Premium,J,SI1,4274
0.29,Very Good,F,VVS2,629
0.43,Premium,G,VS2,721
0.51,Ideal,E,SI1,1294
0.91,Fair,J,VS2,2800
1.54,Premium,D,SI2,6597
0.31,Very Good,H,VS1,775
0.24,Very Good,F,VVS2,633
0.72,Ideal,D,VS2,3067
1.08,Ideal,J,SI1,3862
1.04,Very Good,F,SI1,3997
1.51,Very Good,J,SI1,8486
0.26,Very Good,I,SI1,363
0.4,Ideal,H,VVS1,927
0.31,Premium,F,VS2,1032
0.41,Premium,G,VS2,813
2.18,Very Good,I,SI2,19733
0.44,Ideal,E,VVS1,1595
0.44,Premium,G,SI1,889
1.21,Ideal,G,VS1,7613
0.41,Premium,G,VS1,955
0.3,Very Good,G,VS2,554
1.5,Very Good,F,VS2,13326
1.08,Premium,D,SI1,7586
0.72,Ideal,F,SI2,2613
0.56,Premium,H,VVS2,1785
1.01,Premium,J,SI2,3329
0.43,Ideal,E,VVS2,1032
0.77,Very Good,G,SI1,2277
0.7,Ideal,F,SI1,2372
1.12,Ideal,G,VVS2,12381
0.33,Good,G,IF,909
1.26,Ideal,I,SI2,4610
1.05,Very Good,G,SI1,4308
0.57,Ideal,E,SI1,2457
0.52,Ideal,G,VVS2,2247
0.52,Ideal,D,SI1,1704
0.3,Premium,H,VS1,616
0.43,Premium,G,VS2,1072
1.5,Very Good,J,VVS2,10332
1.7,Very Good,E,VS2,14891
0.3,Ideal,E,SI1,644
0.56,Ideal,D,SI1,1730
1.02,Premium,G,VS2,4913
1.08,Very Good,E,SI2,4590
0.7,Very Good,F,VVS1,3259
0.3,Good,I,VS1,480
0.7,Good,G,VS2,2991
0.35,Ideal,D,SI1,658
0.5,Good,E,SI1,1260
0.42,Ideal,G,VVS1,1388
0.7,Fair,E,SI2,1189
0.42,Ideal,G,VS2,710
0.81,Ideal,F,VS1,4274
0.31,Ideal,E,VVS2,840
0.71,Good,I,VVS1,3213
0.59,Premium,G,VS1,1724
1.78,Ideal,F,VS2,18184
0.73,Very Good,I,VS1,2116
0.35,Ideal,D,VS2,1147
0.9,Premium,H,VS1,4054
0.32,Premium,J,VS2,423
0.91,Very Good,D,SI1,4762
1.21,Ideal,F,VS2,7356
0.3,Ideal,E,VVS2,1265
0.3,Very Good,G,VS1,574
2.01,Very Good,H,SI2,17582
0.5,Very Good,E,VS2,1603
1.59,Premium,H,VS2,10119
0.4,Very Good,G,SI1,846
0.5,Premium,F,SI1,1501
0.26,Ideal,F,VVS1,808
0.72,Ideal,F,VS2,2204
0.7,Ideal,E,VS2,3475
1.21,Very Good,F,VS2,9142
0.71,Premium,I,VVS2,2450
0.51,Very Good,D,VS1,1876
2.02,Good,I,SI2,13408
0.71,Ideal,E,SI1,2040
0.53,Premium,E,SI1,1232
0.52,Premium,E,VS2,2089
2.01,Premium,I,SI1,24222
1.51,Ideal,I,SI1,9775
0.3,Premium,E,VVS1,954
0.5,Ideal,G,VVS2,2026
0.33,Ideal,E,VS2,545
0.92,Ideal,E,SI2,4602
1.02,Ideal,D,SI1,6826
0.94,Ideal,D,SI2,3754
0.31,Very Good,G,VVS1,950
0.43,Premium,G,VVS1,1338
1.5,Fair,G,SI1,7662
0.33,Premium,G,VVS2,959
0.51,Premium,F,SI2,992
0.42,Premium,G,SI1,613
0.38,Very Good,D,SI2,632
0.4,Premium,D,VVS2,1192
0.25,Ideal,G,VS2,411
0.24,Very Good,F,VS2,413
0.82,Fair,H,SI2,1954
0.7,Premium,F,SI1,2589
0.5,Ideal,D,VS1,2325
0.53,Ideal,F,IF,2786
0.31,Ideal,E,VS1,911
0.58,Ideal,I,VVS2,1513
0.41,Very Good,F,VS1,993
1.0,Premium,F,SI1,3472
2.43,Ideal,I,SI2,17635
0.34,Ideal,D,VVS1,1220
1.14,Ideal,H,SI2,3330
0.4,Premium,F,VS1,1245
0.31,Good,E,SI1,493
0.3,Premium,H,SI1,555
0.5,Ideal,I,VVS1,1346
0.55,Ideal,E,VS2,1676
0.56,Very Good,D,SI1,1583
1.01,Ideal,E,I1,4931
1.2,Very Good,G,SI1,5409
1.03,Ideal,G,VS1,8326
1.23,Premium,G,VS1,5033
2.23,Premium,G,SI2,15634
0.44,Ideal,G,VVS1,1175
0.4,Ideal,F,SI2,478
1.23,Ideal,I,VVS2,8459
0.52,Ideal,E,VS2,1604
0.72,Ideal,I,VS2,3248
1.02,Very Good,H,SI1,5349
0.7,Ideal,E,VS1,3059
1.73,Premium,H,SI1,14306
0.89,Ideal,F,SI1,4315
0.3,Ideal,I,SI2,246
0.26,Good,F,VVS2,439
0.54,Ideal,G,SI2,1249
0.88,Premium,D,SI2,3714
0.44,Premium,G,SI1,790
0.3,Good,F,SI1,700
0.72,Ideal,E,SI1,1864
0.71,Ideal,I,VS1,2501
1.55,Very Good,I,SI1,7970
0.55,Ideal,E,SI1,1693
1.55,Good,G,I1,6000
0.58,Premium,E,SI1,1407
1.28,Premium,H,SI1,6953
0.56,Premium,D,VS2,2587
1.44,Very Good,H,SI2,6766
0.71,Ideal,H,VVS2,3028
0.93,Premium,G,SI2,2622
0.83,Very Good,H,VS1,3386
0.9,Ideal,H,VS2,6536
0.4,Premium,E,SI1,856
0.9,Premium,F,SI2,3205
0.33,Premium,F,SI1,823
0.31,Ideal,G,IF,1353
1.24,Good,H,SI1,6177
0.36,Ideal,F,VS2,948
1.03,Ideal,I,SI1,4308
0.9,Good,F,SI2,3412
0.71,Premium,E,SI2,2283
1.3,Ideal,G,SI1,8386
0.9,Good,G,VS2,3478
0.3,Very Good,D,SI2,593
0.36,Very Good,E,SI1,768
1.08,Ideal,F,VS2,7477
0.53,Ideal,F,SI2,1031
2.01,Premium,I,VS2,16131
0.35,Ideal,E,VS2,794
0.73,Very Good,D,VS2,2791
0.23,Very Good,F,VVS2,512
1.06,Very Good,H,SI1,4713
0.3,Ideal,D,VS2,627
0.55,Ideal,E,VVS2,3021
1.02,Very Good,H,SI2,4203
0.46,Premium,E,VS1,1325
0.92,Premium,I,SI1,2478
1.51,Very Good,I,SI1,6963
0.41,Premium,D,VVS1,1435
0.4,Premium,E,VS2,1028
0.3,Ideal,F,SI1,525
0.81,Good,I,VS1,3956
2.02,Ideal,I,SI1,17164
0.5,Ideal,D,SI1,1496
0.34,Premium,E,SI2,557
0.3,Good,H,VS1,409
0.9,Ideal,D,SI1,4015
1.21,Very Good,I,SI2,4386
0.58,Good,G,VS1,1630
0.55,Ideal,F,SI2,897
0.56,Ideal,D,SI1,1709
0.65,Ideal,D,VVS1,4076
0.32,Ideal,I,SI1,461
1.24,Ideal,F,VS1,8070
0.41,Ideal,E,VVS2,1434
0.28,Premium,E,SI1,521
0.3,Ideal,E,VS1,584
0.28,Premium,E,VVS2,680
1.01,Premium,G,VS2,4951
1.01,Ideal,H,VS2,5738
0.51,Ideal,D,VVS2,2693
1.5,Very Good,E,SI2,7387
0.3,Premium,I,VS1,586
0.65,Ideal,D,VS2,2810
0.7,Very Good,E,SI1,2694
0.3,Ideal,G,IF,742
2.14,Fair,F,SI2,14582
0.77,Ideal,D,SI2,3064
0.41,Ideal,J,VS1,708
0.53,Very Good,D,SI1,1741
0.3,Ideal,E,VS2,639
1.37,Very Good,I,VS1,8290
0.77,Very Good,D,VS2,3651
0.71,Premium,D,VS1,2089
0.39,Good,G,VS2,945
0.41,Good,H,VS2,801
1.01,Premium,G,VS1,6605
0.27,Ideal,E,VS1,390
0.3,Very Good,G,VVS1,657
0.53,Ideal,F,VS1,2278
0.3,Ideal,H,VS2,523
0.7,Ideal,D,SI1,1925
0.3,Ideal,D,VS2,828
1.02,Premium,G,SI1,3461
0.35,Premium,H,VVS1,1322
0.7,Good,E,SI2,1715
0.33,Premium,I,VS1,620
0.91,Premium,E,SI1,3333
0.37,Very Good,G,VS1,759
0.3,Good,E,VVS2,836
0.34,Premium,H,VS2,483
0.33,Ideal,I,VS2,454
1.5,Good,H,SI2,6653
0.52,Ideal,G,VS1,1716
1.52,Premium,H,SI2,9377
1.51,Good,I,SI2,6343
1.04,Premium,E,VVS1,10105
0.3,Ideal,E,VS1,806
0.96,Premium,I,SI2,3122
0.41,Ideal,E,VS2,1088
1.12,Premium,G,SI1,4258
0.51,Very Good,E,IF,2827
1.74,Good,G,VS1,17639
0.41,Ideal,E,VS1,961
0.35,Very Good,H,SI1,780
1.51,Premium,E,SI2,8480
0.38,Ideal,D,VS2,763
0.32,Premium,D,SI1,542
1.05,Ideal,H,SI1,4444
0.57,Premium,G,VS2,1559
1.51,Premium,F,SI1,12089
0.38,Ideal,G,SI1,569
0.4,Premium,F,SI1,846
1.02,Premium,G,SI1,6038
0.36,Ideal,F,SI2,525
0.59,Premium,H,SI1,1486
0.32,Premium,E,VS2,874
0.7,Premium,D,SI1,2864
0.81,Ideal,E,SI2,2123
0.96,Very Good,I,VS2,4109
2.02,Premium,G,SI2,19262
0.81,Very Good,E,SI1,3725
0.7,Very Good,H,SI2,1995
1.52,Premium,D,SI2,10301
0.26,Ideal,H,VS1,457
0.35,Premium,H,VVS1,1167
2.09,Premium,J,SI2,14042
0.58,Good,E,SI1,1664
0.28,Very Good,D,VVS1,667
1.5,Premium,E,VS1,17863
0.71,Very Good,D,VS1,2834
1.03,Very Good,F,SI1,6182
0.73,Very Good,I,SI2,2709
1.01,Good,D,IF,14443
0.72,Ideal,G,VS1,3004
1.0,Premium,G,VS1,5571
0.44,Premium,F,VS1,1291
